{
  "questions": [
    {
      "id": "1",
      "q": "What is 1?",
      "a": "1",
      "0": "The!",
      "1": "None of the above",
      "2": "Not that one...",
      "3": "Try again"
    },
    {
      "id": "2",
      "q": "What is 2?",
      "a": "2",
      "0": "The!",
      "1": "None of the above",
      "2": "Not that one...",
      "3": "Try again"
    },
    {
      "id": "3",
      "q": "What is? 3",
      "a": "3",
      "0": "The!",
      "1": "None of the above",
      "2": "Not that one...",
      "3": "Try again"
    }
  ]
}